Series Name,Country Name,Country Code,1990,2000,2011,2012,2013,2014,2015,2016,2017,2018,2019,2020
"Wage and salaried workers, female (% of female employment)",Afghanistan,AFG,..,1.61199998855591,2.71799993515015,3.29999995231628,3.81800007820129,4.53000020980835,5.38100004196167,6.41300010681152,7.55100011825562,7.73999977111816,7.88500022888184,8.03299999237061
"Wage and salaried workers, female (% of female employment)",Albania,ALB,..,33.7179985046387,34.7200012207031,31.9820003509521,37.0810012817383,40.7350006103516,42.5209999084473,43.3769989013672,44.2980003356934,45.2529983520508,46.2099990844727,47.1209983825684
"Wage and salaried workers, female (% of female employment)",Algeria,DZA,..,61.484001159668,74.3710021972656,74.0100021362305,73.6940002441406,73.9059982299805,74.1139984130859,74.3539962768555,74.5989990234375,74.640998840332,74.6480026245117,74.6679992675781
"Wage and salaried workers, female (% of female employment)",American Samoa,ASM,..,..,..,..,..,..,..,..,..,..,..,..
"Wage and salaried workers, female (% of female employment)",Andorra,AND,..,..,..,..,..,..,..,..,..,..,..,..
"Wage and salaried workers, female (% of female employment)",Angola,AGO,..,21.4549999237061,16.4839992523193,16.576000213623,16.7800006866455,16.9360008239746,17.132999420166,17.3269996643066,17.4449996948242,17.6049995422363,17.7600002288818,17.9029998779297
"Wage and salaried workers, female (% of female employment)",Antigua and Barbuda,ATG,..,..,..,..,..,..,..,..,..,..,..,..
"Wage and salaried workers, female (% of female employment)",Argentina,ARG,..,76.390998840332,81.2880020141602,81.2559967041016,80.8659973144531,80.5120010375977,79.8880004882813,79.2050018310547,78.5459976196289,77.431999206543,77.2900009155273,77.1900024414063
"Wage and salaried workers, female (% of female employment)",Armenia,ARM,..,45.6870002746582,51.4220008850098,51.8139991760254,51.818000793457,54.4539985656738,57.1110000610352,59.0419998168945,60.8880004882813,61.2089996337891,61.5810012817383,61.9039993286133
"Wage and salaried workers, female (% of female employment)",Aruba,ABW,..,..,..,..,..,..,..,..,..,..,..,..
"Wage and salaried workers, female (% of female employment)",Australia,AUS,..,85.4359970092773,87.0510025024414,87.3349990844727,87.7760009765625,87.4349975585938,87.4309997558594,87.4059982299805,87.5609970092773,88.0240020751953,88.0770034790039,88.1149978637695
"Wage and salaried workers, female (% of female employment)",Austria,AUT,..,87.4899978637695,89.3320007324219,89.5260009765625,89.4589996337891,89.4879989624023,89.6230010986328,89.9599990844727,90.1589965820313,90.5849990844727,90.6600036621094,90.7200012207031
"Wage and salaried workers, female (% of female employment)",Azerbaijan,AZE,..,25.8889999389648,28.568000793457,28.9459991455078,29.1580009460449,28.507999420166,27.367000579834,27.2870006561279,27.0480003356934,26.9309997558594,27.1429996490479,27.3460006713867
"Wage and salaried workers, female (% of female employment)","Bahamas, The",BHS,..,89.9599990844727,91.6949996948242,91.7300033569336,91.6999969482422,91.9029998779297,91.5999984741211,91.7979965209961,91.822998046875,91.7409973144531,91.786003112793,91.8010025024414
"Wage and salaried workers, female (% of female employment)",Bahrain,BHR,..,98.2630004882813,96.7300033569336,96.7610015869141,96.8059997558594,96.8410034179688,96.8659973144531,96.8820037841797,96.8759994506836,96.8560028076172,96.8310012817383,96.8219985961914
"Wage and salaried workers, female (% of female employment)",Bangladesh,BGD,..,18.8819999694824,18.2229995727539,20.068000793457,21.9349994659424,23.943000793457,25.9610004425049,27.9820003509521,31.0939998626709,31.7159996032715,32.3559989929199,32.9799995422363
"Wage and salaried workers, female (% of female employment)",Barbados,BRB,..,91.9879989624023,88.5540008544922,88.3509979248047,88.0999984741211,88.0950012207031,88.0849990844727,88.1890029907227,88.2040023803711,88.1790008544922,88.1780014038086,88.1920013427734
"Wage and salaried workers, female (% of female employment)",Belarus,BLR,..,97.536003112793,97.7259979248047,97.7389984130859,97.75,97.7580032348633,97.7679977416992,97.7730026245117,97.1699981689453,97.2330017089844,97.2399978637695,97.2470016479492
"Wage and salaried workers, female (% of female employment)",Belgium,BEL,..,86.2300033569336,89.5350036621094,89.5199966430664,89.3040008544922,89.1500015258789,88.931999206543,89.3779983520508,89.3479995727539,89.2870025634766,89.359001159668,89.4329986572266
"Wage and salaried workers, female (% of female employment)",Belize,BLZ,..,74.5579986572266,72.3330001831055,71.9309997558594,71.5719985961914,71.2490005493164,68.3109970092773,65.0479965209961,67.6100006103516,67.6940002441406,67.7669982910156,67.8290023803711
"Wage and salaried workers, female (% of female employment)",Benin,BEN,..,3.98099994659424,4.58500003814697,4.6399998664856,4.71500015258789,4.78900003433228,4.83199977874756,4.88700008392334,4.96099996566772,5.0479998588562,5.13299989700317,5.22100019454956
"Wage and salaried workers, female (% of female employment)",Bermuda,BMU,..,..,..,..,..,..,..,..,..,..,..,..
"Wage and salaried workers, female (% of female employment)",Bhutan,BTN,..,18.5359992980957,16.0799999237061,14.4799995422363,14.6420001983643,15.2880001068115,15.1960000991821,15.4469995498657,15.6420001983643,15.798999786377,15.9919996261597,16.2129993438721
"Wage and salaried workers, female (% of female employment)",Bolivia,BOL,..,25.4249992370605,30.4699993133545,30.17799949646,30.0170001983643,29.8549995422363,29.5300006866455,29.4780006408691,28.201000213623,27.753999710083,28.1860008239746,28.6189994812012
"Wage and salaried workers, female (% of female employment)",Bosnia and Herzegovina,BIH,..,68.1220016479492,74.4580001831055,72.4150009155273,75.2620010375977,77.7580032348633,76.9629974365234,76.0650024414063,75.2740020751953,78.9000015258789,79.2580032348633,79.6009979248047
"Wage and salaried workers, female (% of female employment)",Botswana,BWA,..,65.2949981689453,67.2429962158203,67.5070037841797,67.6210021972656,67.9420013427734,68.2210006713867,68.3010025024414,68.495002746582,68.6340026855469,68.8040008544922,68.9369964599609
"Wage and salaried workers, female (% of female employment)",Brazil,BRA,..,66.5350036621094,72.6139984130859,75.5009994506836,75.3789978027344,75.8000030517578,74.9250030517578,74.6050033569336,73.5950012207031,72.9609985351563,73.004997253418,73.036003112793
"Wage and salaried workers, female (% of female employment)",British Virgin Islands,VGB,..,..,..,..,..,..,..,..,..,..,..,..
"Wage and salaried workers, female (% of female employment)",Brunei Darussalam,BRN,..,95.0950012207031,93.2900009155273,93.0820007324219,92.8960037231445,92.7050018310547,92.4420013427734,92.0439987182617,91.4680023193359,91.5179977416992,91.5640029907227,91.5810012817383
"Wage and salaried workers, female (% of female employment)",Bulgaria,BGR,..,87.1110000610352,90.5979995727539,91.1940002441406,90.9349975585938,90.6709976196289,91.1839981079102,91.072998046875,90.9649963378906,91.3990020751953,91.5309982299805,91.6549987792969
"Wage and salaried workers, female (% of female employment)",Burkina Faso,BFA,..,3.33999991416931,6.53999996185303,7.33500003814697,8.19299983978271,9.10499954223633,9.19999980926514,9.3129997253418,9.44600009918213,9.58600044250488,9.71199989318848,9.83600044250488
"Wage and salaried workers, female (% of female employment)",Burundi,BDI,..,3.02300000190735,3.09899997711182,3.1159999370575,3.13299989700317,3.15100002288818,3.14400005340576,3.13700008392334,3.13599991798401,3.14000010490417,3.13899993896484,3.13800001144409
"Wage and salaried workers, female (% of female employment)",Cabo Verde,CPV,..,47.3819999694824,49.8489990234375,49.8499984741211,49.7789993286133,49.6839981079102,49.6100006103516,50.1119995117188,50.632999420166,51.2760009765625,51.7350006103516,52.1910018920898
"Wage and salaried workers, female (% of female employment)",Cambodia,KHM,..,8.8129997253418,26.4720001220703,30.2360000610352,33.8009986877441,38.632999420166,42.2970008850098,41.625,41.5989990234375,41.5789985656738,41.5449981689453,41.5190010070801
"Wage and salaried workers, female (% of female employment)",Cameroon,CMR,..,8.24400043487549,11.7209997177124,12.3540000915527,13.0089998245239,13.6840000152588,13.826000213623,13.9549999237061,14.0620002746582,14.1590003967285,14.2449998855591,14.3319997787476
"Wage and salaried workers, female (% of female employment)",Canada,CAN,..,87.6740036010742,88.5199966430664,88.5299987792969,88.2170028686523,88.3130035400391,88.072998046875,88.2620010375977,88.1389999389648,87.8830032348633,87.9250030517578,87.9599990844727
"Wage and salaried workers, female (% of female employment)",Cayman Islands,CYM,..,..,..,..,..,..,..,..,..,..,..,..
"Wage and salaried workers, female (% of female employment)",Central African Republic,CAF,..,3.53600001335144,3.74699997901917,3.78699994087219,3.70300006866455,3.6489999294281,3.67899990081787,3.72000002861023,3.76099991798401,3.8050000667572,3.83800005912781,3.875
"Wage and salaried workers, female (% of female employment)",Chad,TCD,..,0.815999984741211,1.03799998760223,1.05799996852875,1.07500004768372,1.09399998188019,1.10500001907349,1.08800005912781,1.07799994945526,1.08500003814697,1.08800005912781,1.09899997711182
"Wage and salaried workers, female (% of female employment)",Channel Islands,CHI,..,88.3840026855469,89.3629989624023,89.4140014648438,89.4469985961914,89.4860000610352,89.5149993896484,89.5609970092773,89.6269989013672,89.6890029907227,89.7429962158203,89.7949981689453
"Wage and salaried workers, female (% of female employment)",Chile,CHL,..,74.7969970703125,74.0350036621094,75.2009963989258,74.9369964599609,74.3669967651367,74.7570037841797,74.0169982910156,73.5410003662109,74.4160003662109,74.6070022583008,74.8079986572266
"Wage and salaried workers, female (% of female employment)",China,CHN,..,31.8910007476807,42.7130012512207,43.7330017089844,44.7879981994629,45.8380012512207,46.8839988708496,47.9360008239746,48.9959983825684,50.0400009155273,50.4090003967285,50.7729988098145
"Wage and salaried workers, female (% of female employment)",Colombia,COL,..,50.4539985656738,47.0219993591309,46.9980010986328,48.3779983520508,49.7480010986328,50.398998260498,50.6629981994629,51.0359992980957,50.9850006103516,51.1749992370605,51.3779983520508
"Wage and salaried workers, female (% of female employment)",Comoros,COM,..,15.996000289917,17.0699996948242,17.17799949646,17.3129997253418,17.4039993286133,17.4659996032715,17.5459995269775,17.6529998779297,17.7709999084473,17.8299999237061,17.9489994049072
"Wage and salaried workers, female (% of female employment)","Congo, Dem. Rep.",COD,..,4.16099977493286,7.47300004959106,8.17899990081787,8.25899982452393,8.35099983215332,8.4399995803833,8.50300025939941,8.57100009918213,8.6560001373291,8.72200012207031,8.78400039672852
"Wage and salaried workers, female (% of female employment)","Congo, Rep.",COG,..,7.97700023651123,8.55900001525879,8.61699962615967,8.66300010681152,8.69200038909912,8.7810001373291,8.81999969482422,8.77700042724609,8.75699996948242,8.77200031280518,8.81599998474121
"Wage and salaried workers, female (% of female employment)",Costa Rica,CRI,..,76.5830001831055,81.9199981689453,80.5,78.6149978637695,79.0950012207031,78.9800033569336,80.7799987792969,79.1340026855469,77.0250015258789,77.0559997558594,77.088996887207
"Wage and salaried workers, female (% of female employment)",Cote d'Ivoire,CIV,..,9.9980001449585,10.6129999160767,10.75,12.7959995269775,13.1169996261597,13.4420003890991,13.7679996490479,16.8120002746582,17.0809993743896,17.3430004119873,17.6070003509521
"Wage and salaried workers, female (% of female employment)",Croatia,HRV,..,77.9509963989258,79.004997253418,81.9130020141602,84.5429992675781,87.6460037231445,87.6740036010742,89.4509963989258,90.0309982299805,90.0250015258789,90.1289978027344,90.2129974365234
"Wage and salaried workers, female (% of female employment)",Cuba,CUB,..,95.3470001220703,90.4049987792969,91.8489990234375,90.1640014648438,87.125,87.0230026245117,87.1289978027344,87.1159973144531,87.2099990844727,87.2910003662109,87.3679962158203
"Wage and salaried workers, female (% of female employment)",Curacao,CUW,..,..,..,..,..,..,..,..,..,..,..,..
"Wage and salaried workers, female (% of female employment)",Cyprus,CYP,..,83.5009994506836,88.0749969482422,89.1279983520508,88.6559982299805,87.7160034179688,88.4680023193359,89.6689987182617,89.9530029296875,89.870002746582,89.9260025024414,89.9749984741211
"Wage and salaried workers, female (% of female employment)",Czech Republic,CZE,..,90.0619964599609,87.1159973144531,86.5619964599609,86.4810028076172,87.1539993286133,87.2220001220703,86.7699966430664,87.1060028076172,87.5849990844727,87.7149963378906,87.8519973754883
"Wage and salaried workers, female (% of female employment)",Denmark,DNK,..,94.2720031738281,94.556999206543,94.4449996948242,94.4169998168945,94.4769973754883,94.6380004882813,94.0559997558594,94.7020034790039,94.8290023803711,94.859001159668,94.8870010375977
"Wage and salaried workers, female (% of female employment)",Djibouti,DJI,..,40.7859992980957,42.0919990539551,42.4020004272461,42.6640014648438,42.9889984130859,43.3639984130859,43.7490005493164,44.1059989929199,44.4339981079102,44.7630004882813,45.1129989624023
"Wage and salaried workers, female (% of female employment)",Dominica,DMA,..,..,..,..,..,..,..,..,..,..,..,..
"Wage and salaried workers, female (% of female employment)",Dominican Republic,DOM,..,70.1760025024414,67.4250030517578,68.3659973144531,68.609001159668,70.0739974975586,68.072998046875,68.8109970092773,69.4940032958984,69.495002746582,69.515998840332,69.5199966430664
"Wage and salaried workers, female (% of female employment)",Ecuador,ECU,..,43.4169998168945,46.7840003967285,46.8870010375977,47.2859992980957,49.1660003662109,46.4220008850098,42.6749992370605,41.5289993286133,41.1240005493164,41.4210014343262,41.6310005187988
"Wage and salaried workers, female (% of female employment)","Egypt, Arab Rep.",EGY,..,57.0880012512207,52.818000793457,56.2509994506836,52.0270004272461,51.1459999084473,51.5499992370605,66.1169967651367,62.9609985351563,63.8860015869141,64.890998840332,65.875
"Wage and salaried workers, female (% of female employment)",El Salvador,SLV,..,51.3019981384277,51.742000579834,51.7910003662109,51.1240005493164,54.3429985046387,52.7290000915527,52.4749984741211,52.2970008850098,54.0379981994629,54.193000793457,54.3219985961914
"Wage and salaried workers, female (% of female employment)",Equatorial Guinea,GNQ,..,6.09499979019165,8.08300018310547,8.1560001373291,8.26599979400635,8.25699996948242,8.33300018310547,8.3459997177124,8.33699989318848,8.36299991607666,8.36699962615967,8.35799980163574
"Wage and salaried workers, female (% of female employment)",Eritrea,ERI,..,6.17500019073486,6.44999980926514,6.60799980163574,6.55100011825562,6.82600021362305,6.73400020599365,6.76800012588501,6.73999977111816,6.86199998855591,6.98099994659424,7.06699991226196
"Wage and salaried workers, female (% of female employment)",Estonia,EST,..,93.3059997558594,94.7180023193359,94.8259963989258,94.0869979858398,94.2990036010742,93.3379974365234,93.197998046875,93.5029983520508,93.1660003662109,93.2529983520508,93.3430023193359
"Wage and salaried workers, female (% of female employment)",Eswatini,SWZ,..,67.8570022583008,61.7379989624023,61.0519981384277,60.5050010681152,59.8919982910156,59.0960006713867,58.4370002746582,58.5699996948242,58.6640014648438,58.7750015258789,58.8499984741211
"Wage and salaried workers, female (% of female employment)",Ethiopia,ETH,..,7.82399988174438,8.46000003814697,8.78400039672852,9.1230001449585,9.38000011444092,9.65499973297119,9.94200038909912,10.2209997177124,10.4890003204346,10.746000289917,11.0069999694824
"Wage and salaried workers, female (% of female employment)",Faroe Islands,FRO,..,..,..,..,..,..,..,..,..,..,..,..
"Wage and salaried workers, female (% of female employment)",Fiji,FJI,..,59.685001373291,47.6609992980957,48.0690002441406,48.6910018920898,49.2200012207031,49.5859985351563,49.8919982910156,50.5460014343262,50.9749984741211,51.4609985351563,51.9889984130859
"Wage and salaried workers, female (% of female employment)",Finland,FIN,..,91.1460037231445,91.2109985351563,91.1370010375977,91.2060012817383,90.6740036010742,90.5540008544922,90.6240005493164,90.9570007324219,90.7710037231445,90.8089981079102,90.8479995727539
"Wage and salaried workers, female (% of female employment)",France,FRA,..,91.7289962768555,92.2440032958984,92.3550033569336,92.2880020141602,91.8479995727539,91.8010025024414,91.5770034790039,91.4199981689453,91.6230010986328,91.6529998779297,91.6809997558594
"Wage and salaried workers, female (% of female employment)",French Polynesia,PYF,..,84.0210037231445,86.870002746582,86.7399978637695,86.6849975585938,86.6449966430664,86.6490020751953,86.6470031738281,86.713996887207,86.8239974975586,86.9420013427734,87.0609970092773
"Wage and salaried workers, female (% of female employment)",Gabon,GAB,..,43.9640007019043,59.7089996337891,59.6990013122559,59.6570014953613,59.6389999389648,59.6160011291504,59.5890007019043,59.5660018920898,59.5169982910156,59.4640007019043,59.4410018920898
"Wage and salaried workers, female (% of female employment)","Gambia, The",GMB,..,13.6079998016357,14.7829999923706,14.8970003128052,15.0410003662109,15.0710000991821,15.2119998931885,15.2679996490479,15.3859996795654,15.5600004196167,15.7290000915527,15.8940000534058
"Wage and salaried workers, female (% of female employment)",Georgia,GEO,..,37.5359992980957,41.7019996643066,42.5429992675781,42.8370018005371,43.9269981384277,46.4490013122559,48.8930015563965,48.6030006408691,48.9809989929199,49.3720016479492,49.7589988708496
"Wage and salaried workers, female (% of female employment)",Germany,DEU,..,92.1750030517578,91.5139999389648,91.6579971313477,91.8980026245117,92.0179977416992,92.2539978027344,92.3499984741211,92.4499969482422,92.7109985351563,92.7689971923828,92.8089981079102
"Wage and salaried workers, female (% of female employment)",Ghana,GHA,..,10.5349998474121,12.6789999008179,13.6960000991821,14.628999710083,15.5659999847412,16.4650001525879,16.6000003814697,16.7929992675781,17.0620002746582,17.2810001373291,17.5020008087158
"Wage and salaried workers, female (% of female employment)",Gibraltar,GIB,..,..,..,..,..,..,..,..,..,..,..,..
"Wage and salaried workers, female (% of female employment)",Greece,GRC,..,60.9990005493164,68.5920028686523,68.6149978637695,68.109001159668,69.6019973754883,70.4169998168945,70.5530014038086,70.802001953125,71.6119995117188,71.7160034179688,71.8300018310547
"Wage and salaried workers, female (% of female employment)",Greenland,GRL,..,..,..,..,..,..,..,..,..,..,..,..
"Wage and salaried workers, female (% of female employment)",Grenada,GRD,..,..,..,..,..,..,..,..,..,..,..,..
"Wage and salaried workers, female (% of female employment)",Guam,GUM,..,91.2009963989258,91.3369979858398,91.3059997558594,91.3190002441406,91.3320007324219,91.3410034179688,91.3479995727539,91.3470001220703,91.3560028076172,91.3610000610352,91.3639984130859
"Wage and salaried workers, female (% of female employment)",Guatemala,GTM,..,42.7220001220703,45.6870002746582,48.1319999694824,50.064998626709,51.7350006103516,51.5779991149902,52.617000579834,50.2019996643066,50.2589988708496,50.2649993896484,50.2900009155273
"Wage and salaried workers, female (% of female employment)",Guinea,GIN,..,2.55200004577637,2.84100008010864,2.88199996948242,2.91400003433228,2.9449999332428,2.97499990463257,3.03600001335144,3.11400008201599,3.16899991035461,3.19700002670288,3.2260000705719
"Wage and salaried workers, female (% of female employment)",Guinea-Bissau,GNB,..,12.8999996185303,13.7700004577637,13.8179998397827,13.8970003128052,13.9720001220703,14.1120004653931,14.2810001373291,14.451000213623,14.5939998626709,14.7399997711182,14.8970003128052
"Wage and salaried workers, female (% of female employment)",Guyana,GUY,..,61.5229988098145,64.9520034790039,65.2779998779297,65.5920028686523,65.9509963989258,66.306999206543,66.6240005493164,66.9919967651367,67.2320022583008,67.5130004882813,67.7969970703125
"Wage and salaried workers, female (% of female employment)",Haiti,HTI,..,14.1510000228882,16.55299949646,16.6569995880127,16.8619995117188,17.117000579834,17.4570007324219,17.5580005645752,17.6569995880127,17.8330001831055,18.0289993286133,18.1860008239746
"Wage and salaried workers, female (% of female employment)",Honduras,HND,..,44.8779983520508,46.2360000610352,42.7330017089844,40.9449996948242,44.9109992980957,43.6370010375977,45.9309997558594,41.3959999084473,41.5289993286133,41.6679992675781,41.810001373291
"Wage and salaried workers, female (% of female employment)","Hong Kong SAR, China",HKG,..,94.9779968261719,94.2239990234375,94.338996887207,94.4089965820313,94.7779998779297,94.7210006713867,94.7289962768555,94.7850036621094,94.8330001831055,94.8619995117188,94.9039993286133
"Wage and salaried workers, female (% of female employment)",Hungary,HUN,..,89.4960021972656,91.4700012207031,91.2880020141602,91.7750015258789,92.2180023193359,92.015998840332,91.806999206543,91.7440032958984,91.8610000610352,91.9940032958984,92.1309967041016
"Wage and salaried workers, female (% of female employment)",Iceland,ISL,..,88.2720031738281,91.1969985961914,91.1179962158203,91.390998840332,91.7679977416992,92.1600036621094,92.1429977416992,92.1989974975586,91.5059967041016,91.5930023193359,91.6389999389648
"Wage and salaried workers, female (% of female employment)",India,IND,..,9.13500022888184,14.4820003509521,16.7569999694824,17.7150001525879,18.7189998626709,19.7679996490479,20.8600006103516,21.9899997711182,23.1620006561279,23.3880004882813,23.6189994812012
"Wage and salaried workers, female (% of female employment)",Indonesia,IDN,..,28.1569995880127,36.3390007019043,38.5709991455078,39.617000579834,39.6419982910156,41.5519981384277,41.9020004272461,41.6430015563965,40.8769989013672,41.2939987182617,41.7169990539551
"Wage and salaried workers, female (% of female employment)","Iran, Islamic Rep.",IRN,..,52.4599990844727,51.9809989929199,53.8580017089844,55.4049987792969,56.9630012512207,56.2820014953613,55.2249984741211,56.201000213623,56.4630012512207,56.6980018615723,56.7550010681152
"Wage and salaried workers, female (% of female employment)",Iraq,IRQ,..,61.7569999694824,62.1510009765625,62.2130012512207,67.2389984130859,72.4860000610352,78.0550003051758,84.0309982299805,90.8430023193359,90.6760025024414,90.5179977416992,90.3939971923828
"Wage and salaried workers, female (% of female employment)",Ireland,IRL,..,90.9160003662109,92.0240020751953,92.0650024414063,91.4980010986328,91.7190017700195,91.620002746582,91.4830017089844,92.1039962768555,92.0550003051758,92.1800003051758,92.2809982299805
"Wage and salaried workers, female (% of female employment)",Isle of Man,IMN,..,..,..,..,..,..,..,..,..,..,..,..
"Wage and salaried workers, female (% of female employment)",Israel,ISR,..,93.4100036621094,92.2350006103516,92.0039978027344,91.9359970092773,91.6429977416992,91.5940017700195,91.427001953125,90.9520034790039,90.6559982299805,90.7330017089844,90.8050003051758
"Wage and salaried workers, female (% of female employment)",Italy,ITA,..,77.5670013427734,81.7220001220703,81.6760025024414,81.7490005493164,81.5400009155273,81.677001953125,81.9199981689453,82.9919967651367,83.0790023803711,83.0869979858398,83.0920028686523
"Wage and salaried workers, female (% of female employment)",Jamaica,JAM,..,65.3759994506836,67.7020034790039,67.265998840332,67.2180023193359,67.1549987792969,67.1380004882813,67.0169982910156,66.9550018310547,66.9560012817383,66.9560012817383,66.9469985961914
"Wage and salaried workers, female (% of female employment)",Japan,JPN,..,81.390998840332,88.6689987182617,89.2799987792969,89.6129989624023,89.8099975585938,90.2819976806641,90.8539962768555,91.1050033569336,91.3040008544922,91.3659973144531,91.4100036621094
"Wage and salaried workers, female (% of female employment)",Jordan,JOR,..,96.5950012207031,96.6009979248047,96.6050033569336,96.6439971923828,96.6399993896484,96.6480026245117,96.6449966430664,96.6419982910156,96.6380004882813,96.6360015869141,96.6330032348633
"Wage and salaried workers, female (% of female employment)",Kazakhstan,KAZ,..,55.0699996948242,66.7300033569336,68.6900024414063,70.3730010986328,72.4540023803711,74.3649978637695,75.4380035400391,76.4629974365234,76.3659973144531,76.2750015258789,76.1839981079102
"Wage and salaried workers, female (% of female employment)",Kenya,KEN,..,20.3799991607666,30.9750003814697,32.7999992370605,34.5579986572266,36.2540016174316,37.8629989624023,39.3940010070801,39.6539993286133,39.9109992980957,40.1360015869141,40.351001739502
"Wage and salaried workers, female (% of female employment)",Kiribati,KIR,..,..,..,..,..,..,..,..,..,..,..,..
"Wage and salaried workers, female (% of female employment)","Korea, Dem. Peopleâ€™s Rep.",PRK,..,5.27500009536743,5.48299980163574,5.50699996948242,5.53399991989136,5.55900001525879,5.59999990463257,5.58799982070923,5.66599988937378,5.69099998474121,5.70499992370605,5.72599983215332
"Wage and salaried workers, female (% of female employment)","Korea, Rep.",KOR,..,61.5270004272461,73.620002746582,74.0350036621094,74.7470016479492,75.4710006713867,76.463996887207,77.2529983520508,77.1869964599609,77.3830032348633,77.6269989013672,77.8470001220703
"Wage and salaried workers, female (% of female employment)",Kosovo,XKX,..,..,..,..,..,..,..,..,..,..,..,..
"Wage and salaried workers, female (% of female employment)",Kuwait,KWT,..,99.5149993896484,98.4049987792969,99.3339996337891,99.556999206543,99.6389999389648,99.6910018920898,99.4029998779297,99.3929977416992,99.3960037231445,99.3980026245117,99.4020004272461
"Wage and salaried workers, female (% of female employment)",Kyrgyz Republic,KGZ,..,48.2649993896484,66.2509994506836,66.7699966430664,60.1020011901855,60.9199981689453,64.5230026245117,66.9079971313477,70.7900009155273,70.9179992675781,71.1019973754883,71.2649993896484
"Wage and salaried workers, female (% of female employment)",Lao PDR,LAO,..,6.79199981689453,11.085000038147,11.2519998550415,11.4329996109009,11.6059999465942,11.7779998779297,11.956000328064,12.1339998245239,12.3100004196167,12.4910001754761,12.6700000762939
"Wage and salaried workers, female (% of female employment)",Latvia,LVA,..,86.484001159668,90.8980026245117,91.0189971923828,90.6699981689453,91.2149963378906,90.5100021362305,90.1179962158203,89.6259994506836,90.3119964599609,90.4100036621094,90.515998840332
"Wage and salaried workers, female (% of female employment)",Lebanon,LBN,..,83.9850006103516,83.2429962158203,83.3840026855469,83.5230026245117,83.6569976806641,83.7850036621094,83.8919982910156,84.0019989013672,84.1129989624023,84.2330017089844,84.359001159668
"Wage and salaried workers, female (% of female employment)",Lesotho,LSO,..,78.0670013427734,79.6320037841797,79.7829971313477,79.8960037231445,79.984001159668,80.0859985351563,80.1780014038086,80.2480010986328,80.2870025634766,80.3600006103516,80.4410018920898
"Wage and salaried workers, female (% of female employment)",Liberia,LBR,..,8.59700012207031,9.13199996948242,9.16600036621094,9.19299983978271,9.10599994659424,8.98499965667725,8.8769998550415,8.92899990081787,8.96700000762939,8.96500015258789,8.97999954223633
"Wage and salaried workers, female (% of female employment)",Libya,LBY,..,94.9749984741211,95.3239974975586,94.5530014038086,95.181999206543,95.2789993286133,95.1490020751953,95.140998840332,94.870002746582,95.0439987182617,95.2080001831055,95.1510009765625
"Wage and salaried workers, female (% of female employment)",Liechtenstein,LIE,..,..,..,..,..,..,..,..,..,..,..,..
"Wage and salaried workers, female (% of female employment)",Lithuania,LTU,..,83.3099975585938,91.2440032958984,91.052001953125,90.3339996337891,89.7509994506836,89.9710006713867,90.4729995727539,90.6210021972656,90.8259963989258,90.9700012207031,91.0899963378906
"Wage and salaried workers, female (% of female employment)",Luxembourg,LUX,..,92.6760025024414,92.7559967041016,91.9400024414063,92,92.6859970092773,91.3190002441406,91.302001953125,91.2229995727539,92.5800018310547,92.6269989013672,92.6669998168945
"Wage and salaried workers, female (% of female employment)","Macao SAR, China",MAC,..,91.9619979858398,95.6169967651367,95.7799987792969,96.0839996337891,95.7519989013672,95.8300018310547,96.3690032958984,96.4400024414063,96.4700012207031,96.4700012207031,96.4759979248047
"Wage and salaried workers, female (% of female employment)",Madagascar,MDG,..,12.081000328064,7.35599994659424,8.01399993896484,8.00899982452393,8.01099967956543,8.02000045776367,8.13199996948242,8.25300025939941,8.38399982452393,8.51299953460693,8.64700031280518
"Wage and salaried workers, female (% of female employment)",Malawi,MWI,..,31.0419998168945,32.7519989013672,32.8409996032715,33.0019989013672,33.2089996337891,33.3520011901855,33.4910011291504,33.6669998168945,33.8370018005371,33.9900016784668,34.1580009460449
"Wage and salaried workers, female (% of female employment)",Malaysia,MYS,..,76.4359970092773,79.8629989624023,77.0979995727539,74.9359970092773,75.1029968261719,72.9290008544922,73.4589996337891,73.7109985351563,73.9499969482422,74.1900024414063,74.4199981689453
"Wage and salaried workers, female (% of female employment)",Maldives,MDV,..,46.2859992980957,55.992000579834,56.6759986877441,57.4620018005371,58.0149993896484,61.7490005493164,64.9820022583008,64.6589965820313,64.3140029907227,64.0879974365234,63.943000793457
"Wage and salaried workers, female (% of female employment)",Mali,MLI,..,8.88599967956543,10.1829996109009,10.2580003738403,10.3599996566772,10.543999671936,10.7279996871948,10.8909997940063,11.4280004501343,11.8870000839233,12.0109996795654,12.1339998245239
"Wage and salaried workers, female (% of female employment)",Malta,MLT,..,94.2259979248047,93.9769973754883,93.4889984130859,93.75,93.1510009765625,92.8089981079102,93.8499984741211,91.6470031738281,91.8619995117188,91.9789962768555,92.0749969482422
"Wage and salaried workers, female (% of female employment)",Marshall Islands,MHL,..,..,..,..,..,..,..,..,..,..,..,..
"Wage and salaried workers, female (% of female employment)",Mauritania,MRT,..,26.6949996948242,29.2849998474121,29.5580005645752,29.8549995422363,30.1650009155273,30.4419994354248,30.5650005340576,30.7450008392334,30.9680004119873,31.2119998931885,31.5240001678467
"Wage and salaried workers, female (% of female employment)",Mauritius,MUS,..,86.5640029907227,85.0179977416992,83.6470031738281,84.5380020141602,84.088996887207,83.9329986572266,84.7910003662109,85.1890029907227,85.2279968261719,85.2789993286133,85.3300018310547
"Wage and salaried workers, female (% of female employment)",Mexico,MEX,..,64.5879974365234,65.3040008544922,65.5530014038086,66.2990036010742,67.2639999389648,67.0899963378906,67.4199981689453,68.375,68.1360015869141,68.1350021362305,68.1350021362305
"Wage and salaried workers, female (% of female employment)","Micronesia, Fed. Sts.",FSM,..,..,..,..,..,..,..,..,..,..,..,..
"Wage and salaried workers, female (% of female employment)",Moldova,MDA,..,62.0979995727539,75.0510025024414,75.1330032348633,72.9509963989258,72.4000015258789,69.1940002441406,67.0139999389648,69.7429962158203,65.5739974975586,65.943000793457,66.3489990234375
"Wage and salaried workers, female (% of female employment)",Monaco,MCO,..,..,..,..,..,..,..,..,..,..,..,..
"Wage and salaried workers, female (% of female employment)",Mongolia,MNG,..,44.1580009460449,47.2060012817383,49.7400016784668,51.9799995422363,52.8300018310547,51.7290000915527,54.4669990539551,53.5820007324219,53.8660011291504,54.1469993591309,54.4650001525879
"Wage and salaried workers, female (% of female employment)",Montenegro,MNE,..,84.4729995727539,89.1529998779297,87.3730010986328,89.1699981689453,86.379997253418,84.4899978637695,84.3690032958984,84.7040023803711,85.9800033569336,86.3470001220703,86.5780029296875
"Wage and salaried workers, female (% of female employment)",Morocco,MAR,..,30.1189994812012,34.1889991760254,35.060001373291,35.2210006713867,34.7470016479492,35.4889984130859,36.3520011901855,37.0960006713867,38.1609992980957,39.140998840332,40.076000213623
"Wage and salaried workers, female (% of female employment)",Mozambique,MOZ,..,3.00399994850159,4.76900005340576,4.98099994659424,5.19199991226196,5.40000009536743,5.59899997711182,5.66300010681152,5.72100019454956,5.77400016784668,5.80200004577637,5.85699987411499
"Wage and salaried workers, female (% of female employment)",Myanmar,MMR,..,26.9619998931885,33.560001373291,34.1570014953613,34.7999992370605,35.3930015563965,35.9370002746582,36.3699989318848,36.9160003662109,37.4589996337891,37.9480018615723,38.4519996643066
"Wage and salaried workers, female (% of female employment)",Namibia,NAM,..,54.6020011901855,56.1949996948242,56.1809997558594,54.9150009155273,58.648998260498,61.6949996948242,64.6790008544922,61.0509986877441,57.1040000915527,57.2900009155273,57.4370002746582
"Wage and salaried workers, female (% of female employment)",Nauru,NRU,..,..,..,..,..,..,..,..,..,..,..,..
"Wage and salaried workers, female (% of female employment)",Nepal,NPL,..,6.80399990081787,8.38899993896484,8.75399971008301,9.11900043487549,9.53299999237061,9.85099983215332,10.0500001907349,10.3879995346069,10.5559997558594,10.7180004119873,10.8520002365112
"Wage and salaried workers, female (% of female employment)",Netherlands,NLD,..,90.5989990234375,88.4540023803711,88.3209991455078,87.7730026245117,87.3440017700195,86.6500015258789,86.7779998779297,86.7929992675781,86.8550033569336,86.9130020141602,86.9680023193359
"Wage and salaried workers, female (% of female employment)",New Caledonia,NCL,..,87.2919998168945,86.3570022583008,86.2210006713867,86.0019989013672,85.8960037231445,86.0699996948242,86.197998046875,86.318000793457,86.4570007324219,86.609001159668,86.765998840332
"Wage and salaried workers, female (% of female employment)",New Zealand,NZL,..,85.390998840332,87.4039993286133,87.6320037841797,88.4240036010742,88.2310028076172,88.4599990844727,85.6539993286133,84.9670028686523,85.4169998168945,85.5510025024414,85.6729965209961
"Wage and salaried workers, female (% of female employment)",Nicaragua,NIC,..,51.8019981384277,50.3380012512207,50.201000213623,49.992000579834,49.6580009460449,49.7840003967285,49.9420013427734,50.0730018615723,49.8699989318848,49.5989990234375,49.4879989624023
"Wage and salaried workers, female (% of female employment)",Niger,NER,..,7.19099998474121,8.07400035858154,5.41800022125244,3.49699997901917,2.1800000667572,2.21700000762939,2.25099992752075,2.28699994087219,2.32299995422363,2.36299991607666,2.40300011634827
"Wage and salaried workers, female (% of female employment)",Nigeria,NGA,..,11.9860000610352,13.9289999008179,13.335000038147,12.7959995269775,12.8809995651245,12.9540004730225,12.951000213623,13.0010004043579,13.0659999847412,13.1180000305176,13.1719999313354
"Wage and salaried workers, female (% of female employment)",North Macedonia,MKD,..,75.6600036621094,75.7310028076172,76.4929962158203,74.9349975585938,78.245002746582,78.661003112793,80.1689987182617,80.4580001831055,80.6080017089844,81.0189971923828,81.443000793457
"Wage and salaried workers, female (% of female employment)",Northern Mariana Islands,MNP,..,..,..,..,..,..,..,..,..,..,..,..
"Wage and salaried workers, female (% of female employment)",Norway,NOR,..,95.1780014038086,95.9629974365234,95.8860015869141,95.5920028686523,95.6559982299805,95.3860015869141,95.4599990844727,95.6719970703125,95.7030029296875,95.7160034179688,95.7269973754883
"Wage and salaried workers, female (% of female employment)",Oman,OMN,..,89.8889999389648,95.556999206543,95.6340026855469,95.6060028076172,95.5670013427734,95.6039962768555,95.629997253418,95.5510025024414,95.5459976196289,95.504997253418,95.5390014648438
"Wage and salaried workers, female (% of female employment)",Pakistan,PAK,..,33.4290008544922,21.3570003509521,22.9990005493164,24.636999130249,26.5310001373291,24.8419990539551,23.9790000915527,26.1189994812012,28.4039993286133,28.6079998016357,28.9829998016357
"Wage and salaried workers, female (% of female employment)",Palau,PLW,..,..,..,..,..,..,..,..,..,..,..,..
"Wage and salaried workers, female (% of female employment)",Panama,PAN,..,79.1320037841797,74.3669967651367,71.3840026855469,70.5390014648438,70.8010025024414,69.4469985961914,66.6689987182617,68.0080032348633,64.5270004272461,64.6110000610352,64.7300033569336
"Wage and salaried workers, female (% of female employment)",Papua New Guinea,PNG,..,10.2220001220703,11.1110000610352,11.2150001525879,11.3120002746582,11.5329999923706,11.7130002975464,11.8179998397827,11.8850002288818,11.9370002746582,12.03600025177,12.1040000915527
"Wage and salaried workers, female (% of female employment)",Paraguay,PRY,..,44.7519989013672,52.148998260498,49.1269989013672,55.3969993591309,55.1069984436035,55.6230010986328,54.7799987792969,54.1809997558594,56.0870018005371,56.4420013427734,56.6310005187988
"Wage and salaried workers, female (% of female employment)",Peru,PER,..,33.109001159668,37.6300010681152,38.4930000305176,38.6650009155273,38.7869987487793,39.8489990234375,39.5849990844727,39.4160003662109,39.8129997253418,40.2630004882813,40.6389999389648
"Wage and salaried workers, female (% of female employment)",Philippines,PHL,..,50.7820014953613,53.0229988098145,54.3380012512207,55.5789985656738,55.0830001831055,56.6180000305176,57.8549995422363,59.3170013427734,60.0880012512207,60.1450004577637,60.2159996032715
"Wage and salaried workers, female (% of female employment)",Poland,POL,..,74.9680023193359,80.1760025024414,80.8199996948242,81.5599975585938,82.2750015258789,82.3809967041016,83.1790008544922,83.927001953125,83.9710006713867,84.1869964599609,84.3870010375977
"Wage and salaried workers, female (% of female employment)",Portugal,PRT,..,75.4970016479492,82.7539978027344,82.3369979858398,82.5540008544922,85.1449966430664,86.088996887207,86.6070022583008,87.3209991455078,87.5550003051758,87.5189971923828,87.4789962768555
"Wage and salaried workers, female (% of female employment)",Puerto Rico,PRI,..,92.8939971923828,92.7639999389648,91.4069976806641,91.5749969482422,91.8270034790039,92.1309967041016,92.0749969482422,92.0650024414063,92.0279998779297,92.0540008544922,92.0540008544922
"Wage and salaried workers, female (% of female employment)",Qatar,QAT,..,99.9570007324219,99.5,99.5749969482422,99.5630035400391,99.5770034790039,99.6080017089844,99.6149978637695,99.5979995727539,99.6019973754883,99.6029968261719,99.6029968261719
"Wage and salaried workers, female (% of female employment)",Romania,ROU,..,51.4469985961914,66.7259979248047,66.6210021972656,67.3219985961914,68.2710037231445,72.254997253418,75.004997253418,75.4739990234375,76.0920028686523,76.7089996337891,77.2900009155273
"Wage and salaried workers, female (% of female employment)",Russian Federation,RUS,..,89.5530014038086,93.7850036621094,93.995002746582,93.6340026855469,93.7770004272461,93.7419967651367,93.640998840332,94.5270004272461,94.234001159668,94.265998840332,94.2929992675781
"Wage and salaried workers, female (% of female employment)",Rwanda,RWA,..,5.06099987030029,16.4330005645752,18.007999420166,19.6049995422363,21.3099994659424,21.5669994354248,21.7910003662109,22.0049991607666,22.2910003662109,22.5690002441406,22.8579998016357
"Wage and salaried workers, female (% of female employment)",Samoa,WSM,..,64.2369995117188,63.2039985656738,63.1209983825684,65.7580032348633,68.1800003051758,70.3860015869141,72.4089965820313,74.2200012207031,74.1640014648438,74.1460037231445,74.0979995727539
"Wage and salaried workers, female (% of female employment)",San Marino,SMR,..,..,..,..,..,..,..,..,..,..,..,..
"Wage and salaried workers, female (% of female employment)",Sao Tome and Principe,STP,..,39.4860000610352,40.5989990234375,40.8899993896484,41.1209983825684,41.3969993591309,41.7400016784668,41.9889984130859,42.2519989013672,42.5089988708496,42.6800003051758,42.8349990844727
"Wage and salaried workers, female (% of female employment)",Saudi Arabia,SAU,..,97.6110000610352,98.2559967041016,98.572998046875,98.8059997558594,98.6129989624023,98.6539993286133,98.640998840332,98.625,98.6380004882813,98.625,98.6289978027344
"Wage and salaried workers, female (% of female employment)",Senegal,SEN,..,13.6619997024536,22.2679996490479,23.2150001525879,24.1490001678467,25.1830005645752,26.2649993896484,26.5069999694824,26.7819995880127,27.0690002441406,27.298999786377,27.556999206543
"Wage and salaried workers, female (% of female employment)",Serbia,SRB,..,62.1730003356934,73.572998046875,73.9290008544922,71.6729965209961,72.8550033569336,75.2539978027344,73.5400009155273,73.5930023193359,76.1269989013672,76.5930023193359,77.0540008544922
"Wage and salaried workers, female (% of female employment)",Seychelles,SYC,..,..,..,..,..,..,..,..,..,..,..,..
"Wage and salaried workers, female (% of female employment)",Sierra Leone,SLE,..,4.25699996948242,4.81899976730347,4.94799995422363,5.11999988555908,5.17600011825562,4.99599981307983,5.07200002670288,5.13399982452393,5.19099998474121,5.24499988555908,5.2960000038147
"Wage and salaried workers, female (% of female employment)",Singapore,SGP,..,90.6969985961914,89.754997253418,89.4339981079102,89.7429962158203,90.2089996337891,91.0120010375977,90.9499969482422,90.6999969482422,90.8629989624023,90.8410034179688,90.8290023803711
"Wage and salaried workers, female (% of female employment)",Sint Maarten (Dutch part),SXM,..,..,..,..,..,..,..,..,..,..,..,..
"Wage and salaried workers, female (% of female employment)",Slovak Republic,SVK,..,95.6859970092773,90.1719970703125,89.9779968261719,90.1490020751953,90.0120010375977,89.7239990234375,89.3539962768555,89.4800033569336,90.1439971923828,90.2259979248047,90.3199996948242
"Wage and salaried workers, female (% of female employment)",Slovenia,SVN,..,86.9410018920898,86.5790023803711,87.2170028686523,86.4199981689453,83.995002746582,86.5350036621094,89.3369979858398,88.3290023803711,88.0670013427734,88.2979965209961,88.5189971923828
"Wage and salaried workers, female (% of female employment)",Solomon Islands,SLB,..,21.5559997558594,23.7849998474121,23.7450008392334,23.8490009307861,23.9580001831055,24.1019992828369,24.2840003967285,24.4619998931885,24.628999710083,24.7390003204346,24.8910007476807
"Wage and salaried workers, female (% of female employment)",Somalia,SOM,..,4.78800010681152,5.13100004196167,5.17399978637695,5.21299982070923,5.25400018692017,5.29400014877319,5.34100008010864,5.38899993896484,5.42600011825562,5.46400022506714,5.5019998550415
"Wage and salaried workers, female (% of female employment)",South Africa,ZAF,..,77.3550033569336,85.8600006103516,86.9199981689453,87.0449981689453,88.1839981079102,87.9339981079102,87.6630020141602,87.0240020751953,87.463996887207,87.4560012817383,87.4459991455078
"Wage and salaried workers, female (% of female employment)",South Sudan,SSD,..,9.40100002288818,9.86299991607666,9.1899995803833,9.08100032806396,9.24899959564209,8.80900001525879,8.44799995422363,8.11100006103516,7.98099994659424,8.10200023651123,8.28600025177002
"Wage and salaried workers, female (% of female employment)",Spain,ESP,..,83.3160018920898,87.8300018310547,87.2850036621094,86.9520034790039,87.0469970703125,87.193000793457,87.2850036621094,87.8410034179688,88.1940002441406,88.2320022583008,88.2639999389648
"Wage and salaried workers, female (% of female employment)",Sri Lanka,LKA,..,55.3030014038086,53.0480003356934,55.8610000610352,53.617000579834,54.4879989624023,54.8139991760254,55.5999984741211,55.3429985046387,55.6279983520508,55.8870010375977,56.1430015563965
"Wage and salaried workers, female (% of female employment)",St. Kitts and Nevis,KNA,..,..,..,..,..,..,..,..,..,..,..,..
"Wage and salaried workers, female (% of female employment)",St. Lucia,LCA,..,72.0289993286133,70.1539993286133,70.1449966430664,69.9960021972656,69.9120025634766,69.9169998168945,69.8730010986328,69.9029998779297,69.8610000610352,69.8499984741211,69.8740005493164
"Wage and salaried workers, female (% of female employment)",St. Martin (French part),MAF,..,..,..,..,..,..,..,..,..,..,..,..
"Wage and salaried workers, female (% of female employment)",St. Vincent and the Grenadines,VCT,..,79.052001953125,78.9229965209961,78.8980026245117,78.9039993286133,78.9100036621094,78.9349975585938,78.9380035400391,78.9410018920898,78.963996887207,78.9830017089844,79.0039978027344
"Wage and salaried workers, female (% of female employment)",Sudan,SDN,..,26.7119998931885,31.8610000610352,32.6279983520508,32.9690017700195,33.1349983215332,33.3730010986328,33.5950012207031,33.7690010070801,33.5069999694824,33.2239990234375,32.9799995422363
"Wage and salaried workers, female (% of female employment)",Suriname,SUR,..,89.0429992675781,89.2160034179688,89.2590026855469,89.2570037841797,89.2770004272461,89.2639999389648,89.3040008544922,89.2460021972656,89.2819976806641,89.3190002441406,89.3539962768555
"Wage and salaried workers, female (% of female employment)",Sweden,SWE,..,93.9079971313477,93.995002746582,94.0690002441406,93.7760009765625,93.7929992675781,93.7720031738281,93.8820037841797,94.2170028686523,94.4250030517578,94.4449996948242,94.4550018310547
"Wage and salaried workers, female (% of female employment)",Switzerland,CHE,..,84.7710037231445,87.0510025024414,87.0749969482422,87.0149993896484,86.9710006713867,86.9280014038086,86.9980010986328,87.1940002441406,87.3809967041016,87.495002746582,87.6009979248047
"Wage and salaried workers, female (% of female employment)",Syrian Arab Republic,SYR,..,46.826000213623,83.0429992675781,83.1760025024414,83.2919998168945,83.3860015869141,83.4629974365234,83.5400009155273,83.6179962158203,83.6859970092773,83.745002746582,83.8050003051758
"Wage and salaried workers, female (% of female employment)",Tajikistan,TJK,..,46.2089996337891,49.2719993591309,49.765998840332,50.2639999389648,50.7350006103516,51.1870002746582,51.7220001220703,52.2080001831055,52.6949996948242,53.0589981079102,53.4480018615723
"Wage and salaried workers, female (% of female employment)",Tanzania,TZA,..,5.15799999237061,8.21399974822998,8.61299991607666,8.95199966430664,9.20899963378906,9.4060001373291,9.61499977111816,9.82999992370605,10.0480003356934,10.2309999465942,10.4180002212524
"Wage and salaried workers, female (% of female employment)",Thailand,THA,..,38.9150009155273,41.4650001525879,40.8769989013672,43.7879981994629,46.7239990234375,47.8230018615723,48.7410011291504,49.3569984436035,48.4000015258789,48.7900009155273,49.2039985656738
"Wage and salaried workers, female (% of female employment)",Timor-Leste,TLS,..,18.1700000762939,21.3990001678467,21.2259998321533,20.6679992675781,19.8680000305176,20.0480003356934,19.9130001068115,19.6060009002686,19.7870006561279,20.0179996490479,20.1879997253418
"Wage and salaried workers, female (% of female employment)",Togo,TGO,..,5.51000022888184,8.26299953460693,8.99100017547607,9.77799987792969,10.6300001144409,10.753999710083,10.8690004348755,10.9829998016357,11.1029996871948,11.2069997787476,11.3170003890991
"Wage and salaried workers, female (% of female employment)",Tonga,TON,..,39.8759994506836,41.076000213623,41.1150016784668,41.2290000915527,41.4199981689453,41.5519981384277,41.6679992675781,41.7039985656738,41.7360000610352,41.8549995422363,41.9389991760254
"Wage and salaried workers, female (% of female employment)",Trinidad and Tobago,TTO,..,80.6320037841797,84.8430023193359,86.4160003662109,85.1380004882813,85.1269989013672,85.427001953125,84.265998840332,84.1600036621094,84.1190032958984,84.0540008544922,84.0400009155273
"Wage and salaried workers, female (% of female employment)",Tunisia,TUN,..,71.2819976806641,79.4919967651367,80.2279968261719,81.3639984130859,81.5609970092773,81.8730010986328,82.0879974365234,82.2559967041016,82.4169998168945,82.6539993286133,82.7819976806641
"Wage and salaried workers, female (% of female employment)",Turkey,TUR,..,41.1920013427734,51.9249992370605,54.5999984741211,56.8639984130859,60.5139999389648,62.0719985961914,63.6969985961914,63.6580009460449,65.5110015869141,66.6549987792969,67.7529983520508
"Wage and salaried workers, female (% of female employment)",Turkmenistan,TKM,..,69.3769989013672,72.0240020751953,72.3339996337891,72.6100006103516,72.875,73.1520004272461,73.3919982910156,73.6279983520508,73.8649978637695,74.0960006713867,74.3290023803711
"Wage and salaried workers, female (% of female employment)",Turks and Caicos Islands,TCA,..,..,..,..,..,..,..,..,..,..,..,..
"Wage and salaried workers, female (% of female employment)",Tuvalu,TUV,..,..,..,..,..,..,..,..,..,..,..,..
"Wage and salaried workers, female (% of female employment)",Uganda,UGA,..,6.61899995803833,13.2959995269775,14.0869998931885,14.1999998092651,14.3380002975464,14.4680004119873,14.5959997177124,14.6899995803833,14.8339996337891,14.9580001831055,15.08899974823
"Wage and salaried workers, female (% of female employment)",Ukraine,UKR,..,79.0599975585938,79.9250030517578,80.4769973754883,80.3430023193359,85.8929977416992,86.1470031738281,86.556999206543,86.431999206543,86.2910003662109,86.5199966430664,86.745002746582
"Wage and salaried workers, female (% of female employment)",United Arab Emirates,ARE,..,98.7320022583008,98.9120025634766,98.8649978637695,98.822998046875,98.7770004272461,98.745002746582,98.6920013427734,97.5059967041016,96.2600021362305,96.3479995727539,96.4609985351563
"Wage and salaried workers, female (% of female employment)",United Kingdom,GBR,..,92.1839981079102,90.7559967041016,90.3339996337891,90.2149963378906,89.5299987792969,89.609001159668,89.1480026245117,89.0070037841797,89.0660018920898,89.1179962158203,89.1740036010742
"Wage and salaried workers, female (% of female employment)",United States,USA,..,93.7259979248047,94.5009994506836,94.411003112793,94.4300003051758,94.6360015869141,94.7409973144531,94.8399963378906,94.7229995727539,94.8310012817383,94.875,94.9349975585938
"Wage and salaried workers, female (% of female employment)",Uruguay,URY,..,77.7320022583008,74.2910003662109,75.5719985961914,75.8580017089844,76.3089981079102,75.8710021972656,75.5419998168945,75.7180023193359,75.754997253418,75.8820037841797,76.0479965209961
"Wage and salaried workers, female (% of female employment)",Uzbekistan,UZB,..,45.5429992675781,51.0120010375977,51.5499992370605,52.0849990844727,52.5719985961914,53.0880012512207,53.5190010070801,53.8660011291504,54.2760009765625,54.7249984741211,55.1990013122559
"Wage and salaried workers, female (% of female employment)",Vanuatu,VUT,..,22.6319999694824,23.6079998016357,23.7220001220703,23.8159999847412,23.9080009460449,23.9969997406006,24.1100006103516,24.1849994659424,24.2430000305176,24.3209991455078,24.3920001983643
"Wage and salaried workers, female (% of female employment)","Venezuela, RB",VEN,..,58.0870018005371,65.0309982299805,65.9499969482422,65.7399978637695,65.4010009765625,64.9240036010742,64.4800033569336,63.8629989624023,63.4160003662109,63.7299995422363,62.810001373291
"Wage and salaried workers, female (% of female employment)",Vietnam,VNM,..,15.4200000762939,28.6900005340576,29.1119995117188,29.3880004882813,30.5540008544922,34.1860008239746,35.7430000305176,37.6800003051758,38.0040016174316,38.2980003356934,38.5960006713867
"Wage and salaried workers, female (% of female employment)",Virgin Islands (U.S.),VIR,..,91.9540023803711,91.8720016479492,91.5169982910156,91.3359985351563,91.2979965209961,91.286003112793,91.2890014648438,91.25,91.2409973144531,91.2590026855469,91.2949981689453
"Wage and salaried workers, female (% of female employment)",West Bank and Gaza,PSE,..,55.3320007324219,64.8889999389648,63.234001159668,64.8550033569336,62.4080009460449,67.0139999389648,70.745002746582,73.8450012207031,75.4670028686523,75.4749984741211,75.6549987792969
"Wage and salaried workers, female (% of female employment)","Yemen, Rep.",YEM,..,39.1419982910156,35.7669982910156,34.2700004577637,33.484001159668,32.9570007324219,33.25,31.6809997558594,30.9370002746582,30.2900009155273,29.9780006408691,29.7630004882813
"Wage and salaried workers, female (% of female employment)",Zambia,ZMB,..,9.49199962615967,10.5690002441406,10.8850002288818,11.0570001602173,11.2110004425049,11.3129997253418,11.4370002746582,11.5530004501343,11.6990003585815,11.7569999694824,11.8100004196167
"Wage and salaried workers, female (% of female employment)",Zimbabwe,ZWE,..,22.878999710083,24.1870002746582,24.7299995422363,24.798999786377,24.867000579834,24.9300003051758,24.9589996337891,25.0990009307861,25.2950000762939,25.1019992828369,25.1690006256104
"Wage and salaried workers, female (% of female employment)",Arab World,ARB,..,52.6789498038754,59.6014459380281,61.1507906563521,60.7498867873941,61.0068936063303,62.1076553657449,66.2927468540019,65.4787229045539,65.4478884591215,65.693587972317,65.9554983444815
"Wage and salaried workers, female (% of female employment)",Caribbean small states,CSS,..,73.8433035083685,75.9239195957408,76.1960024151927,75.8980392748228,75.8141431581818,75.663659353819,75.0643408939122,75.0153703515102,74.9372024919227,74.8508481526337,74.8143806313744
"Wage and salaried workers, female (% of female employment)",Central Europe and the Baltics,CEB,..,74.7565021606693,81.5048529879767,81.8142131897631,82.3219748121317,82.9581315876962,83.8733030312762,84.7444972855085,85.1036872147103,85.3903114313781,85.6605139472661,85.9047788411484
"Wage and salaried workers, female (% of female employment)",Early-demographic dividend,EAR,..,26.5075296727811,32.5320077516991,34.4109570906159,35.3250673045378,36.0715201704745,36.9437540526564,37.7389606947135,38.2469782740783,38.7552885586304,38.9710552883289,39.2130852643999
"Wage and salaried workers, female (% of female employment)",East Asia & Pacific,EAS,..,35.67165997693,45.2911465726978,46.2452779735324,47.2976400397777,48.2327806659405,49.4473050371344,50.3891053424057,51.2367379840942,51.9216467542004,52.2374387393274,52.5387424283758
"Wage and salaried workers, female (% of female employment)",East Asia & Pacific (excluding high income),EAP,..,31.1218110557198,40.8967412817931,41.8973577214558,42.9575607147429,43.9288011579064,45.1747028420097,46.1226600921659,46.9978240793707,47.6577228169233,47.9900485975028,48.320300946736
"Wage and salaried workers, female (% of female employment)",East Asia & Pacific (IDA & IBRD countries),TEA,..,31.5213590044987,41.459066988501,42.4754072528926,43.554006036387,44.5417438247833,45.8101870693417,46.7760132231421,47.6679914482118,48.3400229292856,48.6816304528504,49.0201598585181
"Wage and salaried workers, female (% of female employment)",Euro area,EMU,..,87.0270336987532,88.5689973025383,88.5949454687642,88.6067718595921,88.5848774711052,88.6825374871273,88.7781387310442,89.0254833564296,89.2414898474513,89.2749785557722,89.3094791041546
"Wage and salaried workers, female (% of female employment)",Europe & Central Asia,ECS,..,81.0337999522335,83.9234587764059,84.1013145182044,84.100230652896,84.661802377233,84.8791878407247,85.0576136286625,85.3546782692698,85.4938284547397,85.6526211339261,85.7555105216949
"Wage and salaried workers, female (% of female employment)",Europe & Central Asia (excluding high income),ECA,..,75.1785007958236,78.7593521974845,79.2010581224574,79.0752517773729,80.313960248107,80.4609067554775,80.621453680154,80.9631311784452,80.9837213544836,81.1873744873067,81.3119501985879
"Wage and salaried workers, female (% of female employment)",Europe & Central Asia (IDA & IBRD countries),TEC,..,73.6197006601278,78.3449531499915,78.80184729274,78.8155117702757,80.0169502478455,80.3398910115337,80.6862106769947,81.0671081945878,81.1197798358101,81.3441614083279,81.4960395241596
"Wage and salaried workers, female (% of female employment)",European Union,EUU,..,83.9915402127312,87.0930798405304,87.1792648117804,87.3136904379323,87.4504629241436,87.7385697822748,88.0032284498754,88.290734265114,88.5244519519856,88.6188087922514,88.7043103781573
"Wage and salaried workers, female (% of female employment)",Fragile and conflict affected situations,FCS,..,15.6845411984569,18.5786100037506,18.6511304923264,18.650768186778,18.8244019455601,18.9269654095922,18.8873763292692,18.5123440206682,18.4032269761851,18.3564873813436,18.2934711856573
"Wage and salaried workers, female (% of female employment)",Heavily indebted poor countries (HIPC),HPC,..,8.89817663782299,11.0064322951685,11.3254377656113,11.6325660487992,11.9608626828027,12.1067020150505,12.2930197574561,12.4619148744073,12.6368205626688,12.7632223394128,12.8931788822545
"Wage and salaried workers, female (% of female employment)",High income,HIC,..,86.3447723957471,88.9640155669919,89.0666781402961,89.1941076165589,89.3133286326849,89.5532129258253,89.7283327267368,89.7992583559233,89.9469551425201,90.0238748335857,90.101504164644
"Wage and salaried workers, female (% of female employment)",IBRD only,IBD,..,37.2276976235793,46.0125450976905,47.4361942105133,48.2809509133759,49.2265893162675,50.1433684978195,50.960153410039,51.6222516488282,52.1891411961302,52.4359487139066,52.6799855459859
"Wage and salaried workers, female (% of female employment)",IDA & IBRD total,IBT,..,33.0276709379626,39.6712921913888,40.8332235959368,41.5220195661157,42.2958695756146,42.9529160506833,43.5364228009909,44.0134253362674,44.3834440344957,44.4491313185463,44.5130216209438
"Wage and salaried workers, female (% of female employment)",IDA blend,IDB,..,19.7792221135248,21.5582525401219,22.2004742771997,22.8762752424305,23.8359717795077,23.854104912927,24.1635442505695,24.7461779600768,25.3112054715839,25.4496716472986,25.6383597420867
"Wage and salaried workers, female (% of female employment)",IDA only,IDX,..,12.2960530948859,14.5185121292202,15.0354480246467,15.4561015494332,16.0338996710659,16.4951540345636,16.7685981923729,17.2940026745614,17.458216533362,17.6002486494418,17.7432912599091
"Wage and salaried workers, female (% of female employment)",IDA total,IDA,..,14.3785959074527,16.5736504265219,17.1082440118399,17.5784570535433,18.2548412239903,18.580845128306,18.8261672929944,19.335405703713,19.5957188617927,19.7312817306358,19.8857859008263
"Wage and salaried workers, female (% of female employment)",Late-demographic dividend,LTE,..,39.7996976737615,49.5452324530263,50.5575867066096,51.3552135222907,52.3668961180182,53.2508578242818,54.0440370621126,54.8936084944052,55.546226537238,55.855457985134,56.1502312106792
"Wage and salaried workers, female (% of female employment)",Latin America & Caribbean,LCN,..,61.1727844752819,63.8926354057243,65.0472833505099,65.2414386835966,65.6989652515757,65.314871371092,64.8887333780704,64.3886514134387,64.010794631127,64.0496203425367,64.0069120607956
"Wage and salaried workers, female (% of female employment)",Latin America & Caribbean (excluding high income),LAC,..,60.2300402143606,63.1946717021496,64.3987174752063,64.616532704203,65.1105758886851,64.7071995422029,64.3015293134116,63.781962249711,63.3865133562887,63.4193989069856,63.3706729054275
"Wage and salaried workers, female (% of female employment)",Latin America & the Caribbean (IDA & IBRD countries),TLA,..,60.2154004259035,63.2093641296111,64.3986015268961,64.6389560601677,65.1695126543466,64.7805792726069,64.3449705789261,63.8432209647529,63.4715006379304,63.5167127259971,63.4820601406059
"Wage and salaried workers, female (% of female employment)",Least developed countries: UN classification,LDC,..,11.4580323728741,13.3147027305155,13.8580254593096,14.3003408718253,14.832472465513,15.2865232985609,15.5550035914689,16.0971831567745,16.2614880482723,16.421787165536,16.5745281433932
"Wage and salaried workers, female (% of female employment)",Low & middle income,LMY,..,32.2492647808897,38.8729561644093,40.0370059645524,40.7218229964828,41.4796015890813,42.1280195273059,42.7026226193497,43.1711211864188,43.5427642790353,43.610087622488,43.6770979971271
"Wage and salaried workers, female (% of female employment)",Low income,LIC,..,8.68557278857392,10.3412308994064,10.6121910251998,10.7519801127319,10.928967814634,11.0652725689692,11.1825569453025,11.32392953564,11.454229092739,11.5779118964715,11.7096943614598
"Wage and salaried workers, female (% of female employment)",Lower middle income,LMC,..,19.8158029521019,24.421725087454,25.8114948096913,26.542869040111,27.4672914195023,28.3711140905365,29.3646793383992,30.0685444387057,30.6846190355361,30.8614503010225,31.0538716640848
"Wage and salaried workers, female (% of female employment)",Middle East & North Africa,MEA,..,60.6084060106178,65.3575165035045,67.1228838779422,66.9775632983066,67.6147037078486,68.5149322940113,72.0055704069052,71.4900520497508,71.7071294215812,72.1409556630434,72.5571451370213
"Wage and salaried workers, female (% of female employment)",Middle East & North Africa (excluding high income),MNA,..,53.1905438285598,56.9834398023737,58.8039996165782,58.3861954312604,58.778260160328,59.5145177702146,64.0994470255429,63.3736152900907,63.8711050443428,64.4385537012962,64.9884238488921
"Wage and salaried workers, female (% of female employment)",Middle East & North Africa (IDA & IBRD countries),TMN,..,53.1755939451127,56.9214930920015,58.7690210892819,58.3368467496888,58.7477431849771,59.4522132198513,64.0492309701974,63.2970436698715,63.7836574527542,64.3519908561554,64.9023085703795
"Wage and salaried workers, female (% of female employment)",Middle income,MIC,..,34.3021919453904,41.7701098112394,43.0766388958161,43.8794839211329,44.7625634028897,45.540279882483,46.2565277117544,46.847690177871,47.3298131335313,47.4848671540852,47.638651690138
"Wage and salaried workers, female (% of female employment)",North America,NAC,..,93.137674197382,93.8318365562711,93.7520337838725,93.7295298410368,93.9312804001525,94.0040798536093,94.1147373971792,93.9963565114958,94.0630136553718,94.0999342392403,94.151870301636
"Wage and salaried workers, female (% of female employment)",Not classified,INX,..,..,..,..,..,..,..,..,..,..,..,..
"Wage and salaried workers, female (% of female employment)",OECD members,OED,..,83.9673423392589,85.2748167867757,85.2991284457543,85.4779681954847,85.7929924521444,85.9232558838599,86.1067043604713,86.2435820484807,86.4041262747461,86.4961281537965,86.5402735931544
"Wage and salaried workers, female (% of female employment)",Other small states,OSS,..,58.5925941679542,60.1407574731841,60.0082683010413,60.0561010997872,60.3222460789024,60.5339865308879,60.7738614014984,60.4994165793828,60.1853821009348,60.1188725830961,59.9917632119025
"Wage and salaried workers, female (% of female employment)",Pacific island small states,PSS,..,39.5448231957838,35.7222083104016,35.5272470411855,35.6259684083683,35.6893004427669,35.6539157541675,35.6274130143298,35.8693558463782,35.952004189938,36.0808055668904,36.2780086960993
"Wage and salaried workers, female (% of female employment)",Post-demographic dividend,PST,..,87.5177020437554,89.5924737431988,89.6983434330912,89.7630418784617,90.0733353015402,90.2501926895103,90.3963996583928,90.4460335539327,90.597107292184,90.6587255600041,90.7238168242233
"Wage and salaried workers, female (% of female employment)",Pre-demographic dividend,PRE,..,10.3150522496199,12.7714332150681,13.0265452362269,13.2967554297247,13.6758872763645,14.0216997587167,14.3427893939229,14.3756998448903,14.5051359807496,14.6320260566928,14.7533088205219
"Wage and salaried workers, female (% of female employment)",Small states,SST,..,61.0097997625939,62.0043616164715,61.9378529821076,61.916274565999,62.1149403482062,62.2386317559869,62.340792191886,62.1640762908289,61.9182833748183,61.8385164339075,61.7162855631113
"Wage and salaried workers, female (% of female employment)",South Asia,SAS,..,11.967681257021,15.8500473506723,17.9161621214898,18.9885820361888,20.1616581476387,21.0021528200779,21.9421801626085,23.4131509184277,24.5170393971348,24.7939366140014,25.0933207675602
"Wage and salaried workers, female (% of female employment)",South Asia (IDA & IBRD),TSA,..,11.967681257021,15.8500473506723,17.9161621214898,18.9885820361888,20.1616581476387,21.0021528200779,21.9421801626085,23.4131509184277,24.5170393971348,24.7939366140014,25.0933207675602
"Wage and salaried workers, female (% of female employment)",Sub-Saharan Africa,SSF,..,13.1862332391862,15.823674035589,16.1920034438513,16.5441858740141,16.9097515512151,17.1890054427034,17.3110748806037,17.4692441330129,17.5734720185361,17.6025067567581,17.6687903265038
"Wage and salaried workers, female (% of female employment)",Sub-Saharan Africa (excluding high income),SSA,..,13.0832462600157,15.7374516320131,16.1081842579168,16.456794505323,16.8239700024934,17.1034647353772,17.2275273860731,17.3863736569779,17.4923510949587,17.5232985840461,17.5914591907035
"Wage and salaried workers, female (% of female employment)",Sub-Saharan Africa (IDA & IBRD countries),TSS,..,13.1862332391862,15.823674035589,16.1920034438513,16.5441858740141,16.9097515512151,17.1890054427034,17.3110748806037,17.4692441330129,17.5734720185361,17.6025067567581,17.6687903265038
"Wage and salaried workers, female (% of female employment)",Upper middle income,UMC,..,41.3628024589889,50.8395627735932,51.9615915498546,52.8810638559719,53.8218809171571,54.5924990464115,55.2170160770132,55.800953357879,56.2942463149609,56.5933919170064,56.8788018639771
"Wage and salaried workers, female (% of female employment)",World,WLD,..,43.5655774335757,49.0393712154771,49.9867300722113,50.5597395487784,51.2276746472714,51.8242934512289,52.376258299728,52.8041202661328,53.1497452350087,53.1968545555303,53.2069303284908
,,,,,,,,,,,,,,,
,,,,,,,,,,,,,,,
,,,,,,,,,,,,,,,
Data from database: World Development Indicators,,,,,,,,,,,,,,,
Last Updated: 10/15/2020,,,,,,,,,,,,,,,
